<annotation>
	<folder>dataset resized</folder>
	<filename>IMG_20220904_132927.jpg</filename>
	<path>C:/Users/Пользователь/Desktop/dataset resized/IMG_20220904_132927.jpg</path>
	<source>
		<database>Unknown</database>
	</source>
	<size>
		<width>300</width>
		<height>300</height>
		<depth>3</depth>
	</size>
	<segmented>0</segmented>
	<object>
		<name>white egg</name>
		<pose>Unspecified</pose>
		<truncated>0</truncated>
		<difficult>0</difficult>
		<bndbox>
			<xmin>77</xmin>
			<ymin>99</ymin>
			<xmax>162</xmax>
			<ymax>151</ymax>
		</bndbox>
	</object>
	<object>
		<name>white egg</name>
		<pose>Unspecified</pose>
		<truncated>0</truncated>
		<difficult>0</difficult>
		<bndbox>
			<xmin>185</xmin>
			<ymin>125</ymin>
			<xmax>252</xmax>
			<ymax>189</ymax>
		</bndbox>
	</object>
	<object>
		<name>white egg</name>
		<pose>Unspecified</pose>
		<truncated>0</truncated>
		<difficult>0</difficult>
		<bndbox>
			<xmin>119</xmin>
			<ymin>177</ymin>
			<xmax>186</xmax>
			<ymax>238</ymax>
		</bndbox>
	</object>
</annotation>
