<annotation>
	<folder>dataset resized</folder>
	<filename>IMG_20220904_193548.jpg</filename>
	<path>C:/Users/Пользователь/Desktop/dataset resized/IMG_20220904_193548.jpg</path>
	<source>
		<database>Unknown</database>
	</source>
	<size>
		<width>300</width>
		<height>300</height>
		<depth>3</depth>
	</size>
	<segmented>0</segmented>
	<object>
		<name>brown egg</name>
		<pose>Unspecified</pose>
		<truncated>0</truncated>
		<difficult>0</difficult>
		<bndbox>
			<xmin>113</xmin>
			<ymin>143</ymin>
			<xmax>183</xmax>
			<ymax>186</ymax>
		</bndbox>
	</object>
</annotation>
