<annotation>
	<folder>dataset resized</folder>
	<filename>IMG_20220904_133034.jpg</filename>
	<path>C:/Users/Пользователь/Desktop/dataset resized/IMG_20220904_133034.jpg</path>
	<source>
		<database>Unknown</database>
	</source>
	<size>
		<width>300</width>
		<height>300</height>
		<depth>3</depth>
	</size>
	<segmented>0</segmented>
	<object>
		<name>white egg</name>
		<pose>Unspecified</pose>
		<truncated>0</truncated>
		<difficult>0</difficult>
		<bndbox>
			<xmin>120</xmin>
			<ymin>140</ymin>
			<xmax>169</xmax>
			<ymax>169</ymax>
		</bndbox>
	</object>
	<object>
		<name>white egg</name>
		<pose>Unspecified</pose>
		<truncated>0</truncated>
		<difficult>0</difficult>
		<bndbox>
			<xmin>97</xmin>
			<ymin>173</ymin>
			<xmax>133</xmax>
			<ymax>207</ymax>
		</bndbox>
	</object>
	<object>
		<name>white egg</name>
		<pose>Unspecified</pose>
		<truncated>0</truncated>
		<difficult>0</difficult>
		<bndbox>
			<xmin>164</xmin>
			<ymin>193</ymin>
			<xmax>226</xmax>
			<ymax>249</ymax>
		</bndbox>
	</object>
</annotation>
