<annotation>
	<folder>dataset resized</folder>
	<filename>IMG_20220904_095601.jpg</filename>
	<path>C:/Users/Пользователь/Desktop/dataset resized/IMG_20220904_095601.jpg</path>
	<source>
		<database>Unknown</database>
	</source>
	<size>
		<width>300</width>
		<height>300</height>
		<depth>3</depth>
	</size>
	<segmented>0</segmented>
	<object>
		<name>white egg</name>
		<pose>Unspecified</pose>
		<truncated>0</truncated>
		<difficult>0</difficult>
		<bndbox>
			<xmin>108</xmin>
			<ymin>51</ymin>
			<xmax>172</xmax>
			<ymax>92</ymax>
		</bndbox>
	</object>
	<object>
		<name>white egg</name>
		<pose>Unspecified</pose>
		<truncated>0</truncated>
		<difficult>0</difficult>
		<bndbox>
			<xmin>70</xmin>
			<ymin>74</ymin>
			<xmax>129</xmax>
			<ymax>122</ymax>
		</bndbox>
	</object>
	<object>
		<name>white egg</name>
		<pose>Unspecified</pose>
		<truncated>0</truncated>
		<difficult>0</difficult>
		<bndbox>
			<xmin>194</xmin>
			<ymin>100</ymin>
			<xmax>255</xmax>
			<ymax>146</ymax>
		</bndbox>
	</object>
	<object>
		<name>white egg</name>
		<pose>Unspecified</pose>
		<truncated>0</truncated>
		<difficult>0</difficult>
		<bndbox>
			<xmin>50</xmin>
			<ymin>164</ymin>
			<xmax>102</xmax>
			<ymax>214</ymax>
		</bndbox>
	</object>
	<object>
		<name>white egg</name>
		<pose>Unspecified</pose>
		<truncated>0</truncated>
		<difficult>0</difficult>
		<bndbox>
			<xmin>100</xmin>
			<ymin>157</ymin>
			<xmax>158</xmax>
			<ymax>204</ymax>
		</bndbox>
	</object>
	<object>
		<name>white egg</name>
		<pose>Unspecified</pose>
		<truncated>0</truncated>
		<difficult>0</difficult>
		<bndbox>
			<xmin>31</xmin>
			<ymin>107</ymin>
			<xmax>99</xmax>
			<ymax>149</ymax>
		</bndbox>
	</object>
	<object>
		<name>white egg</name>
		<pose>Unspecified</pose>
		<truncated>0</truncated>
		<difficult>0</difficult>
		<bndbox>
			<xmin>98</xmin>
			<ymin>118</ymin>
			<xmax>160</xmax>
			<ymax>158</ymax>
		</bndbox>
	</object>
	<object>
		<name>white egg</name>
		<pose>Unspecified</pose>
		<truncated>0</truncated>
		<difficult>0</difficult>
		<bndbox>
			<xmin>155</xmin>
			<ymin>134</ymin>
			<xmax>218</xmax>
			<ymax>175</ymax>
		</bndbox>
	</object>
	<object>
		<name>white egg</name>
		<pose>Unspecified</pose>
		<truncated>0</truncated>
		<difficult>0</difficult>
		<bndbox>
			<xmin>129</xmin>
			<ymin>87</ymin>
			<xmax>191</xmax>
			<ymax>127</ymax>
		</bndbox>
	</object>
</annotation>
