<annotation>
	<folder>dataset resized</folder>
	<filename>IMG_20220904_095631.jpg</filename>
	<path>C:/Users/Пользователь/Desktop/dataset resized/IMG_20220904_095631.jpg</path>
	<source>
		<database>Unknown</database>
	</source>
	<size>
		<width>300</width>
		<height>300</height>
		<depth>3</depth>
	</size>
	<segmented>0</segmented>
	<object>
		<name>white egg</name>
		<pose>Unspecified</pose>
		<truncated>0</truncated>
		<difficult>0</difficult>
		<bndbox>
			<xmin>103</xmin>
			<ymin>131</ymin>
			<xmax>172</xmax>
			<ymax>193</ymax>
		</bndbox>
	</object>
	<object>
		<name>white egg</name>
		<pose>Unspecified</pose>
		<truncated>0</truncated>
		<difficult>0</difficult>
		<bndbox>
			<xmin>216</xmin>
			<ymin>97</ymin>
			<xmax>252</xmax>
			<ymax>121</ymax>
		</bndbox>
	</object>
	<object>
		<name>white egg</name>
		<pose>Unspecified</pose>
		<truncated>0</truncated>
		<difficult>0</difficult>
		<bndbox>
			<xmin>236</xmin>
			<ymin>114</ymin>
			<xmax>267</xmax>
			<ymax>143</ymax>
		</bndbox>
	</object>
</annotation>
