<annotation>
	<folder>dataset resized</folder>
	<filename>IMG_20220903_185714.jpg</filename>
	<path>C:/Users/Пользователь/Desktop/dataset resized/IMG_20220903_185714.jpg</path>
	<source>
		<database>Unknown</database>
	</source>
	<size>
		<width>300</width>
		<height>300</height>
		<depth>3</depth>
	</size>
	<segmented>0</segmented>
	<object>
		<name>brown egg</name>
		<pose>Unspecified</pose>
		<truncated>0</truncated>
		<difficult>0</difficult>
		<bndbox>
			<xmin>122</xmin>
			<ymin>134</ymin>
			<xmax>186</xmax>
			<ymax>199</ymax>
		</bndbox>
	</object>
</annotation>
