<annotation>
	<folder>dataset resized</folder>
	<filename>IMG_20220904_095709.jpg</filename>
	<path>C:/Users/Пользователь/Desktop/dataset resized/IMG_20220904_095709.jpg</path>
	<source>
		<database>Unknown</database>
	</source>
	<size>
		<width>300</width>
		<height>300</height>
		<depth>3</depth>
	</size>
	<segmented>0</segmented>
	<object>
		<name>white egg</name>
		<pose>Unspecified</pose>
		<truncated>0</truncated>
		<difficult>0</difficult>
		<bndbox>
			<xmin>65</xmin>
			<ymin>153</ymin>
			<xmax>145</xmax>
			<ymax>200</ymax>
		</bndbox>
	</object>
	<object>
		<name>white egg</name>
		<pose>Unspecified</pose>
		<truncated>0</truncated>
		<difficult>0</difficult>
		<bndbox>
			<xmin>77</xmin>
			<ymin>119</ymin>
			<xmax>106</xmax>
			<ymax>146</ymax>
		</bndbox>
	</object>
	<object>
		<name>white egg</name>
		<pose>Unspecified</pose>
		<truncated>0</truncated>
		<difficult>0</difficult>
		<bndbox>
			<xmin>104</xmin>
			<ymin>115</ymin>
			<xmax>131</xmax>
			<ymax>140</ymax>
		</bndbox>
	</object>
</annotation>
