<annotation>
	<folder>dataset resized</folder>
	<filename>IMG_20220903_210149.jpg</filename>
	<path>C:/Users/Пользователь/Desktop/dataset resized/IMG_20220903_210149.jpg</path>
	<source>
		<database>Unknown</database>
	</source>
	<size>
		<width>300</width>
		<height>300</height>
		<depth>3</depth>
	</size>
	<segmented>0</segmented>
	<object>
		<name>white egg</name>
		<pose>Unspecified</pose>
		<truncated>0</truncated>
		<difficult>0</difficult>
		<bndbox>
			<xmin>95</xmin>
			<ymin>149</ymin>
			<xmax>196</xmax>
			<ymax>217</ymax>
		</bndbox>
	</object>
</annotation>
