<annotation>
	<folder>dataset resized</folder>
	<filename>IMG_20220904_095648.jpg</filename>
	<path>C:/Users/Пользователь/Desktop/dataset resized/IMG_20220904_095648.jpg</path>
	<source>
		<database>Unknown</database>
	</source>
	<size>
		<width>300</width>
		<height>300</height>
		<depth>3</depth>
	</size>
	<segmented>0</segmented>
	<object>
		<name>white egg</name>
		<pose>Unspecified</pose>
		<truncated>0</truncated>
		<difficult>0</difficult>
		<bndbox>
			<xmin>99</xmin>
			<ymin>107</ymin>
			<xmax>170</xmax>
			<ymax>154</ymax>
		</bndbox>
	</object>
	<object>
		<name>white egg</name>
		<pose>Unspecified</pose>
		<truncated>1</truncated>
		<difficult>0</difficult>
		<bndbox>
			<xmin>263</xmin>
			<ymin>209</ymin>
			<xmax>300</xmax>
			<ymax>235</ymax>
		</bndbox>
	</object>
</annotation>
