<annotation>
	<folder>dataset resized</folder>
	<filename>IMG_20220904_095517.jpg</filename>
	<path>C:/Users/Пользователь/Desktop/dataset resized/IMG_20220904_095517.jpg</path>
	<source>
		<database>Unknown</database>
	</source>
	<size>
		<width>300</width>
		<height>300</height>
		<depth>3</depth>
	</size>
	<segmented>0</segmented>
	<object>
		<name>white egg</name>
		<pose>Unspecified</pose>
		<truncated>0</truncated>
		<difficult>0</difficult>
		<bndbox>
			<xmin>135</xmin>
			<ymin>51</ymin>
			<xmax>190</xmax>
			<ymax>93</ymax>
		</bndbox>
	</object>
	<object>
		<name>white egg</name>
		<pose>Unspecified</pose>
		<truncated>0</truncated>
		<difficult>0</difficult>
		<bndbox>
			<xmin>77</xmin>
			<ymin>70</ymin>
			<xmax>127</xmax>
			<ymax>118</ymax>
		</bndbox>
	</object>
	<object>
		<name>white egg</name>
		<pose>Unspecified</pose>
		<truncated>0</truncated>
		<difficult>0</difficult>
		<bndbox>
			<xmin>42</xmin>
			<ymin>100</ymin>
			<xmax>103</xmax>
			<ymax>144</ymax>
		</bndbox>
	</object>
	<object>
		<name>white egg</name>
		<pose>Unspecified</pose>
		<truncated>0</truncated>
		<difficult>0</difficult>
		<bndbox>
			<xmin>37</xmin>
			<ymin>168</ymin>
			<xmax>102</xmax>
			<ymax>208</ymax>
		</bndbox>
	</object>
	<object>
		<name>white egg</name>
		<pose>Unspecified</pose>
		<truncated>0</truncated>
		<difficult>0</difficult>
		<bndbox>
			<xmin>103</xmin>
			<ymin>188</ymin>
			<xmax>153</xmax>
			<ymax>237</ymax>
		</bndbox>
	</object>
	<object>
		<name>white egg</name>
		<pose>Unspecified</pose>
		<truncated>0</truncated>
		<difficult>0</difficult>
		<bndbox>
			<xmin>152</xmin>
			<ymin>208</ymin>
			<xmax>205</xmax>
			<ymax>255</ymax>
		</bndbox>
	</object>
	<object>
		<name>white egg</name>
		<pose>Unspecified</pose>
		<truncated>0</truncated>
		<difficult>0</difficult>
		<bndbox>
			<xmin>165</xmin>
			<ymin>155</ymin>
			<xmax>220</xmax>
			<ymax>200</ymax>
		</bndbox>
	</object>
	<object>
		<name>white egg</name>
		<pose>Unspecified</pose>
		<truncated>0</truncated>
		<difficult>0</difficult>
		<bndbox>
			<xmin>119</xmin>
			<ymin>140</ymin>
			<xmax>176</xmax>
			<ymax>180</ymax>
		</bndbox>
	</object>
	<object>
		<name>white egg</name>
		<pose>Unspecified</pose>
		<truncated>0</truncated>
		<difficult>0</difficult>
		<bndbox>
			<xmin>169</xmin>
			<ymin>98</ymin>
			<xmax>219</xmax>
			<ymax>147</ymax>
		</bndbox>
	</object>
	<object>
		<name>white egg</name>
		<pose>Unspecified</pose>
		<truncated>0</truncated>
		<difficult>0</difficult>
		<bndbox>
			<xmin>118</xmin>
			<ymin>100</ymin>
			<xmax>171</xmax>
			<ymax>144</ymax>
		</bndbox>
	</object>
</annotation>
